{
  "formatVersion": 1,
  "database": {
    "version": 1,
    "identityHash": "4f4131b7d977c240bc2f45fdab128f28",
    "entities": [
      {
        "tableName": "account",
        "createSql": "CREATE TABLE IF NOT EXISTS `${TABLE_NAME}` (`password` TEXT, `username` TEXT NOT NULL, PRIMARY KEY(`username`))",
        "fields": [
          {
            "fieldPath": "password",
            "columnName": "password",
            "affinity": "TEXT",
            "notNull": false
          },
          {
            "fieldPath": "username",
            "columnName": "username",
            "affinity": "TEXT",
            "notNull": true
          }
        ],
        "primaryKey": {
          "columnNames": [
            "username"
          ],
          "autoGenerate": false
        },
        "indices": [],
        "foreignKeys": []
      },
      {
        "tableName": "flight",
        "createSql": "CREATE TABLE IF NOT EXISTS `${TABLE_NAME}` (`departure` TEXT, `arrival` TEXT, `dep_time` INTEGER NOT NULL, `flight_cap` INTEGER NOT NULL, `price` INTEGER NOT NULL, `flight_no` TEXT NOT NULL, PRIMARY KEY(`flight_no`))",
        "fields": [
          {
            "fieldPath": "departure",
            "columnName": "departure",
            "affinity": "TEXT",
            "notNull": false
          },
          {
            "fieldPath": "arrival",
            "columnName": "arrival",
            "affinity": "TEXT",
            "notNull": false
          },
          {
            "fieldPath": "dep_time",
            "columnName": "dep_time",
            "affinity": "INTEGER",
            "notNull": true
          },
          {
            "fieldPath": "flight_cap",
            "columnName": "flight_cap",
            "affinity": "INTEGER",
            "notNull": true
          },
          {
            "fieldPath": "price",
            "columnName": "price",
            "affinity": "INTEGER",
            "notNull": true
          },
          {
            "fieldPath": "flight_no",
            "columnName": "flight_no",
            "affinity": "TEXT",
            "notNull": true
          }
        ],
        "primaryKey": {
          "columnNames": [
            "flight_no"
          ],
          "autoGenerate": false
        },
        "indices": [],
        "foreignKeys": []
      }
    ],
    "setupQueries": [
      "CREATE TABLE IF NOT EXISTS room_master_table (id INTEGER PRIMARY KEY,identity_hash TEXT)",
      "INSERT OR REPLACE INTO room_master_table (id,identity_hash) VALUES(42, \"4f4131b7d977c240bc2f45fdab128f28\")"
    ]
  }
}